{
	"name": "Base Infiltration (broken again)",
	"description": "You are being sent deirectly into an enemy base. Destroy it before backup arrives. This map is broken and IDk if I'll fix it (again).",
	"loadout": "basicFoundation",
	"startingItems": [
		{"item": "copper", "amount": 300},
		{"item": "lead", "amount": 200},
		{"item": "graphite", "amount": 100}
	],
	"conditionWave": 10,
	"launchPeriod": 10,
	"requirements": [
		{
			"type": "ZoneWave",
			"zone": "saltFlats", 
			"wave": 30
		},
		{
			"type": "Unlock",
			"block": "laser-drill"
		},
		{
			"type": "Unlock",
			"block": "turbine-generator"
		},
		{
			"type": "Unlock",
			"block": "dagger-factory"
		}
	],
	"resources": ["copper", "lead", "coal", "iron", "titanium", "sand", "aluminum"]
}
