{
	"type": "GenericCrafter",
	"name": "Advanced Heavy Oil Cracker",
	"description": "This cracks heavy oil into light oil using cracking catalyst.",
	"outputLiquid": {"liquid": "light-oil", "amount": 6.6666},
	"size": 2,
	"hasPower": true,
	"hasLiquids": true,
	"LiquidCapacity": 40.0,
	"hasItems": true,
	"itemCapacity": 5,
	"craftTime": 20,
	"updateEffect": "steam",
	"consumes": {
		"power": 1.0,
		"liquid": {
			"liquid": "heavy-oil",
			"amount": 0.25
		},
		"items": {
			"items": [
				{ "item": "cracking-catalyst", "amount": "1" }
			]
		}
	},
	"requirements": [
		{ "item": "plastic", "amount": 100 },
		{ "item": "steel", "amount": 50 },
		{ "item": "copper", "amount": 25 },
		{ "item": "graphite", "amount": 15 }
	],
	"category": "crafting",
	"research": "heavy-oil-cracker",
	"idleSound": "respawning",
	"idleSoundVolume": 0.5
}
