{
	"type": "GenericCrafter",
	"name": "Aluminum Ore Extractor",
	"description": "Drills deep into the earth and mines up aluminum ore.",
	"outputItem": {"item": "aluminum-ore", "amount": 1},
	"size": 2,
	"hasPower": false,
	"hasItems": true,
	"itemCapacity": 10,
	"craftTime": 60,
	"updateEffect": "smeltsmoke",
	"consumes": {
		"liquid": {
			"liquid": "water",
			"amount": 0.05
		}
	},
	"requirements": [
		{ "item": "steel", "amount": 50 },
		{ "item": "lead", "amount": 25 },
		{ "item": "graphite", "amount": 25 }
	],
	"category": "production",
	"research": "iron-extractor",
	"idleSound": "respawning",
	"idleSoundVolume": 0.5
}
