{
	"type": "GenericCrafter",
	"name": "Catalyst Crusher",
	"description": "Crushes aluminum into cracking catalyst.",
	"outputItem": {"item": "cracking-catalyst", "amount": "6"},
	"size": 2,
	"hasPower": true,
	"hasLiquids": false,
	"hasItems": true,
	"itemCapacity": 10,
	"craftTime": 60,
	"updateEffect": "pulverize",
	"consumes": {
		"power": 0.5,
		"items": {
			"items": [
				{"item": "aluminum", "amount": 1}
			]
		}
	},
	"requirements": [
		{ "item": "copper", "amount": 50 },
		{ "item": "lead", "amount": 25 },
		{ "item": "metaglass", "amount": 25 }
	],
	"category": "crafting",
	"research": "graphite-press",
	"idleSound": "respawning",
	"idleSoundVolume": 0.5
}
