{
	"type": "GenericCrafter",
	"name": "Iron Extractor",
	"description": "Drills deep into the earth and mines up iron.",
	"outputItem": {"item": "iron", "amount": 1},
	"size": 2,
	"hasPower": false,
	"hasItems": true,
	"itemCapacity": 10,
	"craftTime": 60,
	"updateEffect": "pulverize",
	"consumes": {
		"liquid": {
			"liquid": "water",
			"amount": 0.05
		}
	},
	"requirements": [
		{ "item": "copper", "amount": 50 },
		{ "item": "lead", "amount": 15 },
		{ "item": "graphite", "amount": 10 }
	],
	"category": "production",
	"research": "pneumatic-drill",
	"idleSound": "respawning",
	"idleSoundVolume": 0.5
}
