{
	"type": "GenericCrafter",
	"name": "Light Oil Filler",
	"description": "Takes light oil and puts it into containers.",
	"outputItem": {"item": "light-oil-container", "amount": "1"},
	"size": 2,
	"hasPower": true,
	"hasLiquids": true,
	"liquidCapacity": 10,
	"hasItems": true,
	"itemCapacity": 5,
	"craftTime": 30,
	"updateEffect": "steam",
	"consumes": {
		"power": 0.166666,
		"liquid": { "liquid": "light-oil", "amount": 0.08333 }
	},
	"requirements": [
		{ "item": "copper", "amount": 50 },
		{ "item": "lead", "amount": 25 },
		{ "item": "plastic", "amount": 25 }
	],
	"category": "crafting",
	"research": "petroleum-filler",
	"idleSound": "respawning",
	"idleSoundVolume": 0.5
}
