{
	"type": "GenericCrafter",
	"name": "Petroleum Emptyer",
	"description": "This takes the petroleum out of petroleum containers. It is suggested that you place this directly adjacent to an oil distiller.",
	"outputLiquid": {"liquid": "petroleum", "amount": 5.0},
	"size": 1,
	"hasPower": false,
	"hasLiquids": true,
	"LiquidCapacity": 10.0,
	"hasItems": true,
	"itemCapacity": 5,
	"craftTime": 15,
	"updateEffect": "fuelburn",
	"consumes": {
		"items": {
			"items": [
				{ "item": "petroleum-container", "amount": 1 }
			]
		}
	},
	"requirements": [
		{ "item": "copper", "amount": 50 },
		{ "item": "lead", "amount": 15 }
	],
	"category": "crafting",
	"research": "oil-distiller",
	"idleSound": "respawning",
	"idleSoundVolume": 0.5
}
