{
	"type": "GenericCrafter",
	"name": "Pretroleum Filler",
	"description": "Takes petroleum and puts it into containers.",
	"outputItem": {"item": "petroleum-container", "amount": "1"},
	"size": 2,
	"hasPower": true,
	"hasLiquids": true,
	"liquidCapacity": 10,
	"hasItems": true,
	"itemCapacity": 5,
	"craftTime": 30,
	"updateEffect": "steam",
	"consumes": {
		"power": 0.166666,
		"liquid": { "liquid": "petroleum", "amount": 0.16666 }
	},
	"requirements": [
		{ "item": "copper", "amount": 50 },
		{ "item": "lead", "amount": 25 },
		{ "item": "plastic", "amount": 25 }
	],
	"category": "crafting",
	"research": "plastic-forge",
	"idleSound": "respawning",
	"idleSoundVolume": 0.5
}
