{
	"type": "SingleTypeGenerator",
	"name": "Petroleum Generator",
	"description": "Produces power using petroleum.",
	"size": 2,
	"hasPower": true,
	"powerProduction": 10.0,
	"hasItems": true,
	"itemDuration": 60,
	"hasLiquids": false,
	"updateEffect": "pulverize",
	"consumes": {
		"item": "petroleum-container"
	},
	"requirements": [
		{ "item": "steel", "amount": 30 },
		{ "item": "titanium", "amount": 30 },
		{ "item": "metaglass", "amount": 20 },
		{ "item": "plastic", "amount": 10 }
	],
	"category": "power",
	"research": "petroleum-filler"
}
