{
	"type": "GenericCrafter",
	"name": "Sand Sifter: Aluminum Ore",
	"description": "Sifts aluminum ore out of large amounts of sand.",
	"outputItem": {"item": "aluminum-ore", "amount": 1},
	"size": 2,
	"hasPower": true,
	"hasItems": true,
	"itemCapacity": 20,
	"craftTime": 120,
	"updateEffect": "smeltsmoke",
	"consumes": {
		"power": 0.75,
		"items": {
			"items": [
				{ "item": "sand", "amount": 10 }
			]
		}
	},
	"requirements": [
		{ "item": "copper", "amount": 50 },
		{ "item": "lead", "amount": 15 }
	],
	"category": "crafting",
	"research": "sand-sifter-iron",
	"idleSound": "respawning",
	"idleSoundVolume": 0.5
}
