{
	"type": "GenericSmelter",
	"name": "Sludge Burner",
	"description": "Burns off excess sludge created from oil distillation.",
	"size": 2,
	"hasPower": true,
	"hasLiquids": false,
	"hasItems": true,
	"itemCapacity": 10,
	"craftTime": 12,
	"updateEffect": "smoke",
	"consumes": {
		"power": 1.0,
		"items": {
			"items": [
				{"item": "sludge-container", "amount": 1}
			]
		}
	},
	"requirements": [
		{ "item": "copper", "amount": 50 },
		{ "item": "lead", "amount": 25 },
		{ "item": "metaglass", "amount": 25 }
	],
	"category": "crafting",
	"research": "oil-distiller",
	"idleSound": "respawning",
	"idleSoundVolume": 0.5
}
