{
	"type": "GenericSmelter",
	"name": "Steel Forge",
	"description": "Creates steel from iron and coal.",
	"outputItem": {"item": "steel", "amount": "2"},
	"size": 2,
	"hasPower": true,
	"hasLiquids": false,
	"hasItems": true,
	"itemCapacity": 10,
	"craftTime": 120,
	"updateEffect": "smeltsmoke",
	"consumes": {
		"power": 0.75,
		"items": {
			"items": [
				{ "item": "iron", "amount": 2 },
				{ "item": "coal", "amount": 1 }
			]
		}
	},
	"requirements": [
		{ "item": "iron", "amount": 50 },
		{ "item": "copper", "amount": 50 },
		{ "item": "lead", "amount": 25 },
		{ "item": "silicon", "amount": 25 }
	],
	"category": "crafting",
	"research": "silicon-smelter",
	"idleSound": "respawning",
	"idleSoundVolume": 0.5
}
