{
	"type": "GenericSmelter",
	"name": "Titanium Forge",
	"description": "Creates titanium from lead and graphite.",
	"outputItem": {"item": "titanium", "amount": "1"},
	"size": 2,
	"hasPower": true,
	"hasLiquids": false,
	"hasItems": true,
	"itemCapacity": 10,
	"craftTime": 90,
	"updateEffect": "smeltsmoke",
	"consumes": {
		"power": 0.75,
		"items": {
			"items": [
				{ "item": "lead", "amount": 1 },
				{ "item": "graphite", "amount": 3 }
			]
		}
	},
	"requirements": [
		{ "item": "steel", "amount": 50 },
		{ "item": "copper", "amount": 50 },
		{ "item": "lead", "amount": 25 },
		{ "item": "silicon", "amount": 25 }
	],
	"category": "crafting",
	"research": "steel-forge",
	"idleSound": "respawning",
	"idleSoundVolume": 0.5
}
